Company_name,date,title,text,text Summary Summary,url,New Topic Confidence
"Газпром",3/11/2024 12:00:00 AM,"Энергетик назвал хорошими темпы реализации программы социальной газификации- Газета.Ru| Новости","Программа догазификации или социальной газификации, которая предполагает доведение газа до границ участков частных домовладений в тех населенных пунктах, куда уже подведен сетевой газ, за счет Газпрома реализуется очень хорошими темпами. Об этом завил заместитель генерального директора Фонда национальной энергетической безопасности Алексей Гривач. , за два года газ был подведен почти к 1,2 млн участков граждан. Он уточнил, что это примерно две трети от всего потенциала догазификации.  ""Правда, пока что из них газом стали пользоваться только полмиллиона домохозяйств. Остальные еще не завершили работы у себя на участке. Выделение из федерального бюджета 1 млрд для субсидий льготным категориям граждан на покупку газопотребляющего оборудования и проведение газовых труб непосредственно по территории участка и в доме должно ускорить этот процесс"", — сказал Гривач. Как напомнил эксперт, ранее предполагалось, что эти средства станут предоставляться только со следующего года. При этом он уточнил, что к льготникам относятся ветераны ВОВ, инвалиды первой группы, многодетные, участники СВО и их семьи.  ""Всего 13 категорий. Теперь им будет еще проще получить доступ к природному газу на своих участках"", — добавил Гривач. Также он назвал логичным продление программы догазификации, ставшей в 2023 году бессрочной.  ""Поскольку Газпром также реализует программу газификации новых населенных пунктов, а в них, разумеется, есть потенциальные бытовые потребители, которые смогут подать заявку и бесплатно провести сетевой газ до границы участка своего дома"", — отметил Гривач. Напомним, правительство России продолжает работу по реализации программы социальной газификации, запущенной по инициативе президента РФ Владимира Путина. Так, в 2024 году на подключение домов льготников к газовым сетям из федерального бюджета будет дополнительно направлен 1 млрд рублей.","Программа догазификации или социальной газификации, которая предполагает доведение газа до границ участков частных домовладений в тех населенных пунктах, куда уже подведен сетевой газ, за счет Газпрома реализуется очень хорошими темпами.  ""Поскольку Газпром также реализует программу газификации новых населенных пунктов, а в них, разумеется, есть потенциальные бытовые потребители, которые смогут подать заявку и бесплатно провести сетевой газ до границы участка своего дома"", — отметил Гривач.","https://www.gazeta.ru/social/news/2024/03/11/22525969.shtml",0
"Газпром",3/11/2024 12:00:00 AM,"Назначены два новых заместителя председателя правления ""Газпрома ""","МОСКВА, 11 марта./ ТАСС/. В руководстве "" Газпрома "" и его и дочерних обществ произошли кадровые изменения, в том числе назначение двух новых заместителей председателя правления холдинга. ""Заместителем председателя правления- начальником департамента 105 ПАО ""Газпром "" назначена Елена Илюхина. Елена Михайлова, ранее занимавшая должность начальника департамента 105, возглавит проект развития территории ""Горская ""- создания всесезонного морского города-курорта, туристического хаба- спутника Санкт-Петербурга. Заместителем председателя правления- начальником департамента 106 ПАО ""Газпром "" назначен Сергей Куприянов "",- говорится в сообщении "" Газпрома. Соответствующие решения о прекращении и наделении полномочиями в качестве членов правления компании будут приняты советом директоров. Куприянов работает в структуре "" Газпрома "" с 2003 года, предыдущая его должность- начальник департамента 106- пресс-секретарь председателя правления "" Газпрома "".Строительство круглогодичного курорта на территории бывшей строительной площадки ""Горская "" в Курортном районе Петербурга завершится до 2030 года. Примерный объем инвестиций оценивается в 165 млрд рублей. Площадь застройки и благоустройства составит около 130 га. Создание туристического кластера ""Горская "" обеспечит Санкт-Петербургу серьезный приток туристов- 1,3 млн человек в год.Генеральным директором "" Газпром добыча Ямбург "" назначен Сергей Шалимов, ранее занимавший должность замгендиректора "" Газпром добыча Оренбург "". Гендиректором "" Газпром добыча Иркутск "" назначен Алексей Дарымов, ранее занимавший должность главного инженера- первого заместителя генерального директора. Генеральным директором "" Газпром газнадзор "" стал Евгений Абрамов, ранее занимавший должность главного инженера- заместителя генерального директора.","В руководстве "" Газпрома "" и его и дочерних обществ произошли кадровые изменения, в том числе назначение двух новых заместителей председателя правления холдинга. ""Заместителем председателя правления- начальником департамента 105 ПАО ""Газпром "" назначена Елена Илюхина. Генеральным директором "" Газпром добыча Ямбург "" назначен Сергей Шалимов, ранее занимавший должность замгендиректора "" Газпром добыча Оренбург "".","https://tass.ru/ekonomika/20204345",21.653773
"Газпром",3/11/2024 12:00:00 AM," ""Газпром капитал"" размеcтил 15.31% дополнительного выпуска  ""замещающих"" облигаций серии ЗО25-2-Е на 50.5 млн евро","11 марта 2024 7 марта  "" Газпром капитал "" завершил размещение дополнительного выпуска  ""замещающих"" облигаций серии ЗО25-2-Е в количестве 50 510 штук(15.31% от номинального объема выпуска), говорится в сообщении эмитента. Дата погашения – 15 апреля 2025 года. Номинальная стоимость каждой ценной бумаги – 1 000 евро. Цена размещения – 100% от номинала. Способ размещения – открытая подписка. Дата начала размещения – 21 февраля.","11 марта 2024 7 марта  "" Газпром капитал "" завершил размещение дополнительного выпуска  ""замещающих"" облигаций серии ЗО25-2-Е в количестве 50 510 штук(15.31% от номинального объема выпуска), говорится в сообщении эмитента. Цена размещения – 100% от номинала.","https://cbonds.ru/news/2763213/",0
"МТС",3/11/2024 12:00:00 AM,"МТС решает в B2B. Топ-менеджер МТС рассказал о развитии цифровых услуг для корпоративных клиентов- Газета.Ru","МТС решает в B2B. Топ-менеджер МТС рассказал о развитии цифровых услуг для корпоративных клиентов Как МТС закрывает потребности бизнеса в ИТ-продуктах Экосистема МТС сегодня обеспечивает ИТ-поддержку предприятиям любого масштаба, от огромных корпораций до предпринимателей. Как компания закрывает потребности малого и крупного бизнеса в IT-продуктах после ухода зарубежных вендоров рассказал Газете.Ru вице-президент МТС по развитию корпоративного и нового бизнеса Олег Алдошин. – Создание новых продуктов и сервисов сейчас служит основным импульсом для развития технологических компаний. МТС активно развивает направление B2B, то есть, услуги для бизнеса в области цифровых решений. Какие задачи бизнес может решить с помощью ИТ-продуктов МТС? — Сегодня МТС помогает бизнесу решать множество задач. Помимо качественной мобильной и фиксированной связи и интернета, B2B-экосистема также обеспечивает российские компании современными сервисами для автоматизации и цифровизации бизнеса. Компания предоставляет бизнесу решения по обеспечению кибербезопасности( МТС RED), сервисы для проведения встреч и онлайн-обучения МТС Линк, помогает развернуть выделенные сети(Private LTE) и системы групповой радиосвязи Push-To-Talk для крупных производств. Платформа МТС Exolve позволяет настроить коммуникацию полного цикла для общения с клиентом. Кроме того, МТС предлагает надежные облачные решения для создания и развития цифровых продуктов. В облачное направление бизнеса экосистемы входит как собственный провайдер CloudMTS, так и один из крупных российских провайдеров  "" ИТ-ГРАД "", а также несколько ЦОДов и платформа 1cloud.ru. В ноябре 2023 года наш собственный облачный провайдер получил ГОСТ для безопасного размещения в облаке информационных систем банков и финтех-компаний, содержащих данные финансовых операций. А это значит, что инфраструктура CloudMTS прошла проверку на соответствие требованиям информационной безопасности, необходимым для работы с банковскими данными, и теперь облачные решения МТС станут доступны для банковского сектора. — Какие сервисы экосистемы МТС наиболее востребованы у бизнеса? Запросы в малом и среднем бизнесе отличаются от потребностей крупных компаний, или с точки зрения цифровизации интересы у всех общие? — Безусловно, запросы в малом бизнесе отличаются от решений, необходимых для компаний крупного сектора экономики. Можно привести пример из направления безопасности и видеонаблюдения, в прошлом году мы открыли собственный центр по предоставлению подобных услуг. Так, в малом бизнесе наибольшим спросом пользуется непосредственно само оборудование, то есть камеры и решения для облачного хранения данных с камер. Для крупных корпораций же важна не столько возможность съемки, сколько видеоаналитика, то есть умное видеонаблюдение. Умные видеокамеры могут контролировать производственную линию, вести подсчет и классифицировать объекты на ленте, детектировать брак. Также с помощью умного видеонаблюдения можно осуществлять трекинг объектов на площадке и мониторинг соблюдения норм и правил хранения и передвижения объектов на площадке. Однако есть решения, которые могут стать универсальными, как для больших компаний, так и для представителей малого бизнеса. Хороший пример в этом ключе – платформа МТС Exolve, которую мы запустили в начале года. Это конструктор для создания коммуникационных сервисов, он позволяет бизнесу разрабатывать собственные приложения для общения с клиентами, обеспечивает бесшовную интеграцию в существующие ИТ-системы и эффективное управление омниканальными коммуникациями. Выбрать подходящий комплекс решений сможет как большая компания, так и предприятие малого бизнеса. — Ограничения по использованию ИТ-систем иностранного производства стало серьезным вызовом для российского бизнеса. В каких областях МТС может обеспечить полноценное импортозамещение, как это осуществляется на практике? — В рамках экосистемы B2B МТС есть ряд продуктов, которые активно занимают ниши ушедших зарубежных вендоров. Так, например, компания МТС Линк(прежнее название — Webinar) предоставляет разнообразные сервисы для видеоконференцсвязи(ВКС). Это сервис для онлайн-встреч и совещаний, платформа для онлайн-обучения и вебинаров, решение для создания онлайн-курсов и организации обучения, сервис для гибридных и онлайн-мероприятий. Кроме того, на этапе тестирования находятся интерактивная онлайн-доска для совместной работы и корпоративный мессенджер. В ближайшее время продукты будут введены в коммерческую эксплуатацию, и МТС Линк сможет полностью заменить ушедшие Zoom и Microsoft Teams. – Помимо программного обеспечения, МТС занимается импортозамещением еще и в области железа — оборудования и комплектующих. Какие потребности российского бизнеса компания закрывает в этой сфере? — Мы отталкиваемся от запросов клиентов и для решения поставленных ими задач используем возможности множества наших партнеров и вендоров. Поэтому в нашей обойме есть как телефоны, планшеты и ноутбуки, так и серверы и сетевое оборудование и многое другое. Кроме того, последние несколько лет мы развиваем направление Telecom-as- a- Service. И в рамках этого подхода также разрабатываем решения с оборудованием специально под конкретного клиента. К примеру, для одного из клиентов мы совместно с партнерами разработали ударопрочный ноутбук для связи с полевыми инженерами, которые находятся в карьере или на другом объекте, и им необходима возможность удаленно подписывать наряды и путевые листы. В ноутбуке – SIM-карта и программное обеспечение от МТС. Сам ноутбук, операционная система и офисные приложения — это партнерские продукты. — Какие B2B-проекты МТС стали решением наиболее масштабных задач? — Здесь может быть много интересных примеров. Один из них – наша реализация выделенной сети(pLTE) для одной из крупнейших металлургических компаний в мире. МТС начала проект в 2021 году, мы развернули в горных выработках шахты  ""Шерегешская"" выделенную сеть передачи данных для реализации программы цифровой трансформации, которая на первом этапе предусматривала создание системы голосовой радиосвязи, видеотрансляции, аварийного оповещения, диспетчеризации, позиционирования и автономного управления горнорудной техникой — погрузочно-разгрузочными машинами и шахтными локомотивами. Сеть с оборудованием в рудничном исполнении была бесшовно интегрирована с существующими системами связи и ИТ-инфраструктурой шахты. Наше решение помогло улучшить организацию производственных процессов, обеспечить более эффективное взаимодействие между различными службами. Но, самое главное, установка локальной сети позволила повысить уровень безопасности для работающих в шахтах людей, что существенно снизило риски возникновения нештатных ситуаций. — Какие технологии, разработанные в МТС, служат драйверами развития B2B-направления? — МТС B2B работает с разными компаниями, в том числе в области промышленности. У нас есть собственная разработка в области геосервисов, это, к примеру,  ""Мобильные сотрудники"" и LocationPro. Оба решения характеризуются высокой точностью геопозиционирования.  ""Мобильные сотрудники"" – продукт, который во многом ориентирован на сферу HoReCa, он помогает организовать управление разъездными сотрудниками и очень удобен для организации доставки. А LocationPro помогает решать задачи в области геодезии и точного земледелия, транспортной отрасли, так как продукт дает возможность максимально точно определять маршрут движения транспортного средства. — Что ожидает сегмент B2B в перспективе ближайших двух-пяти лет? Как изменятся подходы и тренды, и что выйдет на первый план? — В ближайшие годы тренд на клиентоцентричный подход в B2B продолжится. Компании стремятся сделать клиентов приоритетом во всех смыслах, ведь без них бизнес просто невозможен. Поэтому все процессы будут перестроены таким образом, чтобы максимально сконцентрироваться на нуждах конечного потребителя продукта. Машинное обучение и искусственный интеллект станут неотъемлемой частью B2B. Эти технологии уже сегодня помогают компаниям анализировать огромные объемы данных, прогнозировать поведение клиентов и оптимизировать стратегии ценообразования. Чат-боты, управляемые искусственным интеллектом, будут активнее внедряться в B2B-сервисы для обслуживания клиентов и обеспечения их круглосуточной поддержки. Гиперперсонализация – еще один тренд, который постепенно переходит из B2C в B2B. В промежутке от двух до пяти лет персонализация обслуживания клиентов достигнет новых высот. Компании будут использовать передовую аналитику данных, чтобы получить более глубокое представление о своих клиентах, а также о клиентах своих клиентов. Все это позволит удовлетворять индивидуальные потребности клиентов более качественно. Если смотреть на перспективу, то дополненная реальность(AR) сможет стать прорывом для B2B. AR изменит то, как B2B-компании демонстрируют и продают свои продукты и услуги. Клиенты смогут использовать приложения AR, чтобы  ""размещать"" продукты в своей среде и видеть, как они функционируют, прежде чем принимать решение о покупке. Это особенно ценно для сложных B2B-продуктов, где визуализация и настройка имеют решающее значение. AR также будет использоваться для обучения и обслуживания оборудования, повышая его эффективность и результативность. Еще одним шагом в будущее для сегмента B2B станут умные бизнес-ассистенты, такие как Siri, только для деловых целей. Они смогут заниматься как операционной деятельностью, например, распечатать необходимые документы по голосовой команде или оплатить счета, а также строить модели развития бизнеса и предлагать новые продукты, объединившись с AI. — Какие сейчас у МТС планы по развитию B2B направления? — В МТС мы стараемся искать новые пути для того, чтобы сохранять высокие темпы развития компании в целом, и B2B в частности. Мы все время ищем возможности расширить нашу продуктовую линейку, и 2023 год не стал исключением: дочерняя компания МТС Линк приобрела сервис для создания онлайн-досок для совместной удаленной работы Jespo, также мы приобрели компанию SKAI, которая разрабатывает ИТ-решения для крупных автопарков, переформатировали работу с геосервисами, консолидировали 100% ГК  ""Зеленая точка"". В 2024 году мы планируем продолжать работу по улучшению наших ИТ-сервисов и клиентского сервиса. В ближайших планах – обновление онлайн-витрины B2B-продуктов, которая поможет бизнесу легче находить наиболее подходящие решения.","Топ-менеджер МТС рассказал о развитии цифровых услуг для корпоративных клиентов Как МТС закрывает потребности бизнеса в ИТ-продуктах Экосистема МТС сегодня обеспечивает ИТ-поддержку предприятиям любого масштаба, от огромных корпораций до предпринимателей. Компания предоставляет бизнесу решения по обеспечению кибербезопасности( МТС RED), сервисы для проведения встреч и онлайн-обучения МТС Линк, помогает развернуть выделенные сети(Private LTE) и системы групповой радиосвязи Push-To-Talk для крупных производств.","https://www.gazeta.ru/business/2024/03/11/18402961.shtml",66.059821
"OBI",3/11/2024 12:00:00 AM,"СМИ: российская сеть OBI подала встречный иск к бывшему немецкому владельцу","10:16 11.03.2024 МОСКВА, 11 мар- РИА Недвижимость. Российская сеть супермаркетов стройматериалов OBI(юрлица ООО ""ОБИ франчайзинговый центр "", ООО ""Сделай своими руками "" и ООО ""Сделай своими руками Северо-Запад "") 4 марта подала иск к немецкой OBI GmbH& Co. Deutschland KG в Арбитражный суд Москвы, сообщила газета "" Ведомости "". Как пояснил изданию представитель российской сети, это встречный иск – о признании незаконным досрочного расторжения лицензионного договора на товарные знаки OBI, obi и "" ОБИ "", который должен был действовать до 2029 года. В прошлом году OBI GmbH в одностороннем порядке расторгла это соглашение. По мнению российской стороны, это было сделано незаконно. Международные товарные знаки obi и OBI зарегистрированы в 2011 году. Иск OBI GmbH о запрете их использования своей бывшей ""дочкой "" в доменном имени сайта obi.ru поступил в суд в ноябре 2023-го. В январе 2024 года OBI GmbH подала новый иск и потребовала уже денежную компенсацию в 25 миллионов рублей. Ранее суд по заявлению немецкой компании принял обеспечительные меры, запретив ответчику "" ОБИ Франчайзинговый центр "" и третьему лицу АО ""РСИЦ "", регистратору доменных имен, совершать в отношении домена obi.ru любые действия, направленные на прекращение прав администрирования ответчика в отношении домена obi.ru или на передачу поддержки сведений о домене obi.ru другому регистратору. На заседании 28 февраля суд привлек к делу в статусе третьих лиц еще две структуры ритейлера – ООО ""Сделай своими руками "" и ООО ""Сделай своими руками Северо-Запад "". Исполнительный директор "" OBI Россия "" Максим Суравегин 1 марта сообщил журналистам, что российская сеть пока не планирует отказываться от своего бренда и ""заниматься ренеймингом "". В августе 2023 года "" Ведомости "" писали, что российские магазины OBI могут начать работать под брендом Domus. Но, по словам Суравегина, ""пока планов по переименованию нет "", ведутся ""переговоры с немецкой компанией об оставлении бренда в России "". Немецкая сеть OBI вышла на российский рынок в 2003 году, открыв с тех пор 27 гипермаркетов. В марте 2022 года она решила приостановить работу в России. В дальнейшем OBI GmbH подписала соглашение о продаже компании группе инвестиционно-строительных компаний МАХ, в которой 60% принадлежало бизнесмену Йозефу Лиокумовичу, а 40%- Илье Колобкову. Впоследствии у OBI менялись собственники. Сейчас OBI принадлежит АО ""Аллонж "", связанному с группой "" Синдика "" экс-президента Кабардино-Балкарии, сенатора Арсена Канокова.","Российская сеть супермаркетов стройматериалов OBI(юрлица ООО ""ОБИ франчайзинговый центр "", ООО ""Сделай своими руками "" и ООО ""Сделай своими руками Северо-Запад "") 4 марта подала иск к немецкой OBI GmbH& Co. Ранее суд по заявлению немецкой компании принял обеспечительные меры, запретив ответчику "" ОБИ Франчайзинговый центр "" и третьему лицу АО ""РСИЦ "", регистратору доменных имен, совершать в отношении домена obi.ru любые действия, направленные на прекращение прав администрирования ответчика в отношении домена obi.ru или на передачу поддержки сведений о домене obi.ru другому регистратору.","https://realty.ria.ru/20240311/isk-1932237899.html",48.962361
"МТС",3/11/2024 12:00:00 AM,"МТС отчитался за 2023 год: как банк драйвит бизнес всей группы- РБК Инвестиции","5 марта Группа МТС представила финансовую отчетность по МСФО за четвертый квартал прошлого года и за весь 2023 год. По итогам четвертого квартала консолидированная выручка увеличилась на 18% год к году, до ₽168 млрд. Рост показателя OIBDA составил 3,9%, до ₽56,7 млрд. Чистая прибыль в четвертом квартале достигла ₽16,1 млрд(рост в три раза год к году), а по итогам всего 2023 года прибыль МТС выросла на 67%, до ₽54,6 млрд. Как отмечают в компании, рост показателей обусловлен устойчивым увеличением доходов от телекоммуникационных услуг, существенным ростом показателей финтех-направления, восстановлением продаж в розничном бизнесе, а также сильной динамикой рекламного направления. Дальнейшим позитивом для компании может стать объявление рекомендации по дивидендам, считают аналитики телеграм-канала  "" Мои Инвестиции "". Эксперты ожидают, что выплаты по итогам 2023 года могут составить ₽34,29 на акцию, что предполагает доходность на уровне 12%. Также благоприятно может сказаться и возможное публичное размещение МТС Банка. Вклад МТС Банка в бизнес всей группы заметно вырос за год: если в 2022 году чистая прибыль группы составляла ₽32,6 млрд(при прибыли банка в ₽3,3 млрд), то в 2023-м прибыль составляет ₽12,5 млрд при общем показателе в ₽54,6 млрд. Более того, по итогам четвертого квартала розничный кредитный портфель банка вырос на 33%, до ₽339,1 млрд, а прирост комиссионных доходов составил 56% в годовом исчислении. Значение банка в общем росте МТС теперь сопоставимо с телеком-бизнесом, то есть финансовая организация стала одним из ключевых факторов роста всей группы, отмечает инвестиционный стратег УК  ""Арикапитал"" Сергей Суверов. Как уточняет эксперт, сейчас на финтех-сегмент приходится 33% общего прироста выручки группы МТС в абсолютном выражении. МТС Банк входит в топ-30 кредитных организаций России по величине чистых активов, а также в топ-15 по розничному портфелю ссуд, согласно данным платформы  "" Финуслуги "". На фоне высокой оценки рыночной позиции банка рейтинговое агентство  "" Эксперт РА "" в феврале этого года подтвердило рейтинг кредитоспособности организации на уровне ruА. Среди прочего в агентстве выделили высокие позиции банка в сегменте кредитных карт, а также рост объема портфеля розничных ссуд на 33%. Чистые активы банка — это основной показатель рейтинга финансовой организации, который оценивает стоимость активов банка за вычетом его долговых обязательств. Чем выше этот показатель, тем крупнее и устойчивее банк. Перспективы МТС Банка У МТС Банка есть все возможности и дальше расти быстрее рынка, полагает Суверов. Финансовая организация фокусируется на прибыльных сегментах розницы, таких как кредиты наличными, POS-кредитование.  ""Здесь он растет быстрее рынка, а в POS занимает первое место по объему портфеля и выдач"", — добавляет эксперт. Важное преимущество для банка — это снижение стоимости привлечения клиентов, подчеркивает он.  ""Стоимость привлечения клиента для цифровых банков в последнее время растет. Сегодня она может превышать ₽5 тыс. У МТС Банка есть доступ к базе клиентов и большим данным МТС, поэтому у него затраты растут медленнее, чем доходы, а коэффициент CIR(отношение операционных расходов к доходам. —  "" РБК Инвестиции "") снизился с 35% до 31% на фоне роста бизнеса. Как правило, у банков, наоборот, CIR растет с ростом бизнеса"", — приводит цифры эксперт.","Значение банка в общем росте МТС теперь сопоставимо с телеком-бизнесом, то есть финансовая организация стала одним из ключевых факторов роста всей группы, отмечает инвестиционный стратег УК  ""Арикапитал"" Сергей Суверов. Перспективы МТС Банка У МТС Банка есть все возможности и дальше расти быстрее рынка, полагает Суверов.","https://quote.ru/news/article/65e88de49a7947177a668771?utm_source=quote&utm_medium=main&utm_campaign=885541-65e88de49a7947177a668771&from=short_news",100
"ВкусВилл",3/11/2024 12:00:00 AM," ""ВкусВилл"" может запустить новую сеть кафе под брендом  ""Rимляне"""," "" ВкусВилл "" может запустить новую сеть заведений общественного питания под брендом  ""Rимляне"", выяснили  "" Ведомости "". В марте структура продуктового ретейлера создала ООО  ""Римляне"" с профильной деятельностью — услуги кафе и ресторанов, в декабре 2023 года АО  ""ВкусВилл"" подало заявки на регистрацию бренда  "" Rимляне "", в том числе под услуги общепита Структура продуктового ретейлера  "" ВкусВилл "" — компания  "" Проектный офис "" — в начале марта создала новое юрлицо – ООО  ""Римляне"", сообщают  "" Ведомости "" со ссылкой на данные СПАРКа. В середине декабря прошлого года АО  ""ВкусВилл"" также подало на регистрацию бренда  ""Rимляне"" по классам  ""услуги кафе"" и  ""торговля онлайн"". Основной профиль новой компании — деятельность ресторанов и кафе, следует из данных СПАРКа. Согласно им, 80% долей новой компании принадлежит  "" Проектному офису "", а 20% – генеральному директору ООО  ""Римляне"" Георгию Королеву. Представитель  "" ВкусВилла "" подтвердил газете, что компания тестирует новый проект в общепите, но подробностей не раскрыл. Проекты в общепите у  "" ВкусВилла "" могут быть привлекательными в качестве отдельного формата кафе, сказал генеральный директор  "" Infoline-аналитики "" Михаил Бурмистров. Он предположил, что в процессе тестирования или по мере перехода от пилота к масштабированию появится дополнительная идентификация, которая свяжет бренд  "" Rимляне "" с  "" ВкусВиллом "". По оценке эксперта,  "" ВкусВилл "" пользуется высоким уровнем лояльности и использование именно этого бренда могло бы дать серьезный импульс развитию. Президент Федерации рестораторов и отельеров Игорь Бухаров полагает, что компания может запустить сеть кафе —  ""какой-то легкий формат"". По словам Бухарова, приход ретейла на рынок общепита очень чувствителен для ресторанной отрасли. Помимо потери части выручки, отрасль испытывает отток поваров и другого персонала при уже существующем дефиците кадров, пояснил глава Федерации рестораторов и отельеров. Он признал, что формат совмещения кафе и продуктового магазина очень выгоден ретейлу, а симбиоз торговых форматов и услуг кафе — мировой тренд. Ресторанам реализовывать аналогичные форматы(например, сеть кафе с магазинами  "" Моремания "") гораздо сложнее, добавил Бухаров. Собственные полноценные кафе или веранды при магазинах есть у  "" Азбуки вкуса "",  "" Глобуса "",  "" Ленты "",  "" Перекрестка "" и  "" Магнита "". Оборот российского рынка общепита в 2023 году показал заметный прирост в 15% и достиг 4–4,2 трлн рублей, по оценке Infoline. Розничная сеть  "" ВкусВилл "" и бренд продуктов для здорового питания основаны Андреем Кривенко в 2012 году в Москве. Сеть насчитывает более 1500 магазинов в 152 городах, ее выручка в 2022 году выросла на 25,4%, до 203,39 млрд рублей, чистая прибыль составила 3,09 млрд рублей. В экосистему  "" ВкусВилла "", помимо магазинов у дома, входят микромаркеты, вендинги, готовые рационы, кейтеринг, проекты  ""Кофе с собой"" и  "" Сгоряча "", а также семейные рестораны  "" Андерсон "". Весной 2022 года  "" Вкусвилл "" запустил сервис  ""Сгоряча"" в формате dark kitchens, работающем только на доставку. В ноябре 2023 года  "" ВкусВилл "" купил бренд и основные активы сети семейных кафе  "" АндерCон "". По оценкам экспертов, покупка обошлась в 600–800 млн рублей. Доля онлайн-продаж российской продуктовой сети  "" ВкусВилл "" превысила 50% к концу 2023 года, сообщили в пресс-службе компании в начале февраля 2024 года. За 2023 год оборот сервиса доставки вырос на 54% и составил более 139,4 млрд рублей с НДС. Кроме того, по данным  "" ВкусВилла "", темпы открытий магазинов сети выросли в пять раз в сравнении с 2022 годом. Ретейлер открыл 531 новый магазин и 28 складов для сборки онлайн-заказов. В компании отметили, что в целом бренд  "" ВкусВилл "", сеть магазинов и сервис бесплатной доставки по итогам 2023-го увеличил оборот на 27% — до 297,5 млрд рублей с НДС. При этом оборот  "" ВкусВилла "" для бизнеса также вырос на 50%, настолько же увеличилась чистая прибыль направления, сказали в компании. Весной 2023 года основатель  "" ВкусВилла "" Кривенко впервые попал в рейтинг миллиардеров Forbes, издание оценило его состояние в$2,1 млрд."," "" ВкусВилл "" может запустить новую сеть заведений общественного питания под брендом  ""Rимляне"", выяснили  "" Ведомости "". Он признал, что формат совмещения кафе и продуктового магазина очень выгоден ретейлу, а симбиоз торговых форматов и услуг кафе — мировой тренд.","https://www.forbes.ru/biznes/507809-vkusvill-mozet-zapustit-novuu-set-kafe-pod-brendom-rimlane",100
"МТС",3/11/2024 12:00:00 AM,"Объём LTE-трафика в сети МТС на БКЛ 1-7 марта вырос на 32%","11 марта 2024 16:23 Объём LTE-трафика в сети МТС на БКЛ 1-7 марта 2024 года вырос по сравнению с тем же периодом прошлого года на 32%, при этом во всём Московском метрополитене рост этого показателя составил 23%. Аналогично с опережением росло количество пользователей мобильного интернета в сети МТС: на БКЛ прирост составил 20%, во всем метрополитене – на 13%. Об этом говорится в сообщении МТС. МТС в 2023 году полностью завершили модернизацию сети в тоннелях метро, в 2024 году расширили пропускную способность за счёт разделения зон покрытия в тоннелях и запуска дополнительной несущей частоты в диапазоне LTE 1800 на наиболее загруженных участках метрополитена. ПАО  ""Мобильные ТелеСистемы""(МТС, ИНН 7740000076) вместе с дочерними предприятиями обслуживает около 100 млн абонентов сотовой связи. Уставный капитал МТС составляет 199.84 млн руб.(1998381575 размещённых обыкновенных именных акций). Прибыль МТС за 2023 год выросла на 67.5% до 54.6 млрд руб. с 32.6 млрд руб. годом ранее. Выручка увеличилась на 13.5% до 606 млрд руб. с 534.1 млрд руб., скорректированный показатель OIBDA – на 6.4% до 234.2 млрд руб. с 220.1 млрд руб.","11 марта 2024 16:23 Объём LTE-трафика в сети МТС на БКЛ 1-7 марта 2024 года вырос по сравнению с тем же периодом прошлого года на 32%, при этом во всём Московском метрополитене рост этого показателя составил 23%. Выручка увеличилась на 13.5% до 606 млрд руб. с 534.1 млрд руб., скорректированный показатель OIBDA – на 6.4% до 234.2 млрд руб. с 220.1 млрд руб.","https://akm.ru/news/obem_lte_trafika_v_seti_mts_na_bkl_vyros_1_7_marta_na_32/",100
"МТС",3/11/2024 12:00:00 AM,"МТС и фонд  ""Система"" начали конкурсный отбор на тематическую стажировку по направлению телекоммуникации","11 марта 2024 19:00 МТС и благотворительный фонд  "" Система "" в рамках проекта  ""Лифт в будущее"" начали конкурсный отбор на тематическую стажировку по направлению телекоммуникации: обслуживание и эксплуатация радиоподсистемы сотовой связи 2G/3G/4G. Принять участие в конкурсе могут студенты предвыпускных и выпускных курсов среднего профессионального образования и вузов, а также выпускники последних трёх лет. Об этом говорится в сообщении МТС. Победители пройдут стажировку в Москве в технических и телекоммуникационных подразделениях цифровой экосистемы МТС и получат профессиональный опыт по проведению планового технического обслуживания оборудования на объектах радиоподсистемы indoor/outdoor, аварийно-восстановительных работ, выездов для измерения качества работы сети и выдачи рекомендаций по улучшению покрытия, работы в действующих электроустановках. ПАО  ""Мобильные ТелеСистемы""(МТС, ИНН 7740000076) вместе с дочерними предприятиями обслуживает около 100 млн абонентов сотовой связи. Уставный капитал МТС составляет 199.84 млн руб.(1998381575 размещённых обыкновенных именных акций). Прибыль МТС за 2023 год выросла на 67.5% до 54.6 млрд руб. с 32.6 млрд руб. годом ранее. Выручка увеличилась на 13.5% до 606 млрд руб. с 534.1 млрд руб., скорректированный показатель OIBDA – на 6.4% до 234.2 млрд руб. с 220.1 млрд руб.","11 марта 2024 19:00 МТС и благотворительный фонд  "" Система "" в рамках проекта  ""Лифт в будущее"" начали конкурсный отбор на тематическую стажировку по направлению телекоммуникации: обслуживание и эксплуатация радиоподсистемы сотовой связи 2G/3G/4G. Выручка увеличилась на 13.5% до 606 млрд руб. с 534.1 млрд руб., скорректированный показатель OIBDA – на 6.4% до 234.2 млрд руб. с 220.1 млрд руб.","https://akm.ru/news/mts_i_fond_sistema_nachali_konkursnyy_otbor_na_tematicheskuyu_stazhirovku_po_napravleniyu_telekommun/",17.634764
"Газпром",3/11/2024 12:00:00 AM,"Газпром газифицировал четыре мечети в Адыгее- Юг и Северный Кавказ|| Интерфакс Россия","Газпром газифицировал четыре мечети в Адыгее Майкоп. 11 марта. ИНТЕРФАКС- АО ""Газпром газораспределение Майкоп "" подключило к газу четыре мечети в Шовгеновском районе Республики Адыгея, сообщает пресс-служба компании. ""Совсем недавно мы газифицировали здесь(в Шовгеновском районе- ИФ) школы, детские сады, дома культуры и к началу Рамадана завершили подключение к газовым сетям четырех мечетей "",- приводятся в сообщении слова генерального директора ООО ""Газпром межрегионгаз Майкоп "" и АО ""Газпром газораспределение Майкоп "" Аслана Екутеча. Объекты были подключены к газу в аулах Хатажукай, Пшичо, Пшизов и Кабехабль. В 2024 году Рамадан начался 11 марта и продлится до 9 апреля. Праздник Ураза-байрам, приуроченный к окончанию поста, придется на 10 апреля. "" Газпром "" и Адыгея в 2020 году подписали пятилетнюю программу газификации региона с общим объемом инвестиций более 3 млрд рублей. Затем финансирование программы было увеличено в 1,8 раза- до 5,474 млрд рублей. В результате реализации этих планов к 2026 году будет полностью завершена технически возможная сетевая газификация региона. АО ""Газпром газораспределение Майкоп "" создано в 1995 году. Согласно данным на его сайте, технологический комплекс АО включает газораспределительную сеть протяженностью более 4,5 тыс. км с объемом транспортируемого газа около 630 млн кубометров в год, что позволяет обеспечить более 160 тыс. потребителей в Адыгее. В эксплуатации АО находятся 8 газораспределительных станций, 1,393 тыс. газорегуляторных пунктов, 204 установки электрохимзащиты. Компания также имеет резервуарный парк хранения, рассчитанный на 168 тонн.","Газпром газифицировал четыре мечети в Адыгее Майкоп. 11 марта. ИНТЕРФАКС- АО ""Газпром газораспределение Майкоп "" подключило к газу четыре мечети в Шовгеновском районе Республики Адыгея, сообщает пресс-служба компании.","https://www.interfax-russia.ru/south-and-north-caucasus/news/gazprom-gazificiroval-chetyre-mecheti-v-adygee",20.793733
"Лукойл",3/11/2024 12:00:00 AM,"Дивидендная доходность финальных выплат  ""Лукойла"" может превысить 9%","Стоимость акций  "" Лукойла "" в ходе торгов 11 марта вышла на исторический максимум, преодолев отметку 7592 руб. С начала года котировки компании выросли более чем на 12%, индекс Мосбиржи – на 7,5%. Эксперты считают, что инвесторы ждут отличных финансовых результатов от добытчика и, как следствие, приличных финальных дивидендов. Во вторник, 12 марта,  "" Лукойл "" планирует отчитаться по МСФО за второе полугодие и весь 2023 г.По оценкам аналитиков ФГ  ""Финам"", во втором полугодии выручка нефтяной компании могла вырасти на 21% по отношению к первому полугодию до 4,37 трлн руб., EBITDA – на 24% до 1,082 трлн руб. Чистая прибыль могла увеличиться на 5% до 593 млрд руб.Во втором полугодии основным фактором поддержки финансовых результатов  "" Лукойла "" стали повышенные рублевые цены на нефть на фоне слабости рубля и сокращения дисконта на сорт Urals, говорит аналитик  "" Финама "" Сергей Кауфман. Средняя цена на нефть марки Urals в рублях во втором полугодии была на 70% выше, чем в первом(4039 руб. за баррель в первом полугодии и 6873 руб. за баррель во втором). Негативными моментами являются отсутствие демпферных выплат за сентябрь и возможные небольшие списания активов.В БКС ожидают от компании примерно такие же результаты. Во втором полугодии 2023 г. выручка  "" Лукойла "", по оценкам инвестдома, во втором полугодии составила 4,4 трлн руб.(+22%), EBITDA – 1,06 трлн руб.(+21,7%), чистая прибыль 595 млрд руб.(+5,2%). Самые позитивные прогнозы у аналитиков  "" Цифра брокера "". По их оценкам, выручка  "" Лукойла "" во втором полугодии могла составить 4,613 трлн руб.(+27,9%), EBITDA – 1,062 трлн руб.(+21,9%), а чистая прибыль – 725 млрд руб.(+28,2%). За первое полугодие 2023 г. выручка  "" Лукойла "" по МСФО составила 3,6 трлн руб., чистая прибыль – 564,1 млрд руб.По расчетам БКС, компания может выплатить за весь год 1000 руб. на акцию, а за второе полугодие – 553 руб.(7,4% дивдоходности по текущей цене). По прогнозу аналитиков  "" Цифра брокер "", дивиденды  "" Лукойла "" за весь 2023 г. могут составить чуть больше – 1019 руб. Таким образом выплаты за второе полугодие 2023 г. могут быть на уровне 572 руб. на акцию(7,6%). В  "" Финаме "" ожидают, что  "" Лукойл "" выплатит около 600 руб. на акцию(около 8%) в качестве финальных дивидендов за 2023 г. Более позитивный прогноз по дивидендам дают аналитики инвестиционного банка  "" Синара "". По их расчетам, возможное увеличение EBITDA на 25% предполагает выплату дивидендов на акцию во втором полугодии на уровне 600–700 руб. Дивидендная доходность акций может составить примерно 9,3%.Но неопределенность относительно размера финального дивиденда будет сохраняться даже после публикации финансовых результатов, обращает внимание Кауфман. В сокращенной версии отчета  "" Лукойл "" может не раскрывать всей необходимой для расчета выплат информации, объясняет он. Старший аналитик  "" БКС мир инвестиций "" Рональд Смит соглашается, что аналитического обзора менеджмента в документе, скорее всего, не будет. Отчет о прибылях и убытках, баланс, отчет о движении денежных средств и примечания, вероятно, вновь будут представлены в сжатой форме, добавил он, что в целом укладывается в рамки сложившейся практики в отрасли. "" Лукойл "", согласно своей дивидендной политике, делает выплаты дважды в год. Компания направляет акционерам не менее 100% скорректированного свободного денежного потока(FCF). Однако размер денежного потока за полугодие  "" Лукойл "" в своей отчетности не раскрыл. Рекомендация совета директоров ожидается во второй половине апреля.Промежуточные дивиденды за девять месяцев 2023 г. разочаровали инвесторов, писали  "" Ведомости "": совет директоров  "" Лукойла "" 26 октября рекомендовал направить на выплаты 447 руб. на одну акцию с дивидендной доходностью чуть больше 6%. Акции в день объявления рекомендации упали на 1,9% до 7230 руб. Акционеры  "" Лукойла "" утвердили выплаты 5 декабря. Котировки выросли на 1% до 7223,5 руб. Не исключено, что при объявлении о выплатах бумаги, как и в прошлый раз, перейдут к нисходящей коррекции, добавляет Кожухова. Но движение будет зависеть от размера дивидендов, добавила она.Еще один фактор влияния на размер дивиденды – это возможный байбэк компании. В середине августа прошлого года появились слухи, что  "" Лукойл "" планирует выкупить около 25% своих акций у нерезидентов с дисконтом 50%. Опрошенные  "" Ведомостями "" аналитики согласились, что сделка может повлиять на размер дивидендов, но как именно – оценить сложно, пока нет стоимости выкупа. С тех пор новой информации о планах нефтяной компании не поступало. Но в условиях стабилизации курса рубля вероятность хотя бы частичного одобрения сделки по выкупу нерезидентов с дисконтом сохраняется, считает Кауфман. , это могло бы стать дополнительным драйвером для роста акций. В  "" Финаме "" сохраняют умеренно позитивный взгляд на акции  "" Лукойла "" с целевой ценой 8395 руб.(почти+12% от текущей цены).В БКС нейтральный взгляд на акции  "" Лукойла "". По словам их аналитиков, бумага торгуется по прогнозному P/E на 2024 г. с мультипликатором 5,5x – на 7% ниже среднеисторических уровней. Аналитик ИК  ""Велес капитал"" Елена Кожухова отмечает, что с технической точки зрения можно говорить об умеренно позитивных перспективах акций  "" Лукойла "". Их стоимость может двигаться в район как минимум 8000 руб.(+6,6%) при сохранении общего оптимизма на российском рынке, допускает она. Целевая цена по акциям  "" Лукойла "" от  "" Цифра брокера "" – 8700 руб.(+16%).","Средняя цена на нефть марки Urals в рублях во втором полугодии была на 70% выше, чем в первом(4039 руб. за баррель в первом полугодии и 6873 руб. за баррель во втором). В  "" Финаме "" сохраняют умеренно позитивный взгляд на акции  "" Лукойла "" с целевой ценой 8395 руб.(почти+12% от текущей цены).В БКС нейтральный взгляд на акции  "" Лукойла "".","https://www.vedomosti.ru/investments/articles/2024/03/11/1024593-dividendnaya-dohodnost-finalnih",100
"Верный",3/11/2024 12:00:00 AM,"Сеть  ""Верный"" уберет из продажи алкоголь Bacardi – Новости ритейла и розничной торговли| Retail.ru","Торговая сеть  "" Верный "" начала поэтапный вывод всей продукции компании Bacardi из ассортимента своих магазинов. Речь идет о виски William Lawson’s и Dewar’s, ромовых напитках Oakheart, а также игристом вине и вермутах бренда Martini. Источник: Retail.ru По словам представителя  "" Верного "" у сети было сразу несколько веских причин для решения о выводе товаров производителя. В первую очередь — дискриминационная разница в закупочных ценах по сравнению с другими ритейлерами. По данным  "" Верного "", она составила почти 10% в 2023 году. Помимо этого, поставщик в ультимативном порядке повышал закупочные цены. В декабре компания Bacardi заявила о дополнительном повышении цен сразу на 17%, а в случае отказа принять новые цены поставщик угрожал остановить отгрузки товара. Ритейлер принял повышение цен, но для покупателей цена на полке осталась неизменной. Однако, это повышение цен критично сократило доходность сети. Также  "" Верный "" регулярно сталкивался с перебоями в поставках необходимых объемов товара Bacardi — поставщик отгружал только половину того, что необходимо покупателям сети. Переговоры с поставщиком о снижении цен не дали результата, поскольку за незначительную скидку на товар поставщик потребовал увеличения ассортимента более чем в 3 раза.  ""Вместо выведенных товаров на полках сети появятся не менее популярные аналоги от поставщиков, которые готовы к взаимовыгодному сотрудничеству"", — прокомментировал ситуацию Антон Бахарев, коммерческий директор торговой сети  "" Верный "".  "" Верный "" уберет из продажи  "" Вязанку "" и другие колбасные бренды  "" Трейд-Сервис ""  "" Верный "" начал продавать яйца поштучно","В декабре компания Bacardi заявила о дополнительном повышении цен сразу на 17%, а в случае отказа принять новые цены поставщик угрожал остановить отгрузки товара.  ""Вместо выведенных товаров на полках сети появятся не менее популярные аналоги от поставщиков, которые готовы к взаимовыгодному сотрудничеству"", — прокомментировал ситуацию Антон Бахарев, коммерческий директор торговой сети  "" Верный "".","https://retail.ru/news/set-vernyy-uberet-iz-prodazhi-alkogol-bacardi-11-marta-2024-238463/",100
"Газпром",3/11/2024 12:00:00 AM," ""Газпром газораспределение Ульяновск"" запустил межпоселковый газопровод протяженностью 33,5 км","Новости- Отрасли ТЭК  "" Газпром газораспределение Ульяновск"" запустил межпоселковый газопровод протяженностью 33,5 км 11.03.24 07:22 Объект построен в рамках программы развития газоснабжения и газификации региона на 2021–2025 гг. На сегодня в селах Чуфарово, Чирикеево и в деревне Тимофеевка проложены внутрипоселковые сети общей протяженностью 18,8 км, которые создали техническую возможность подключения к системе газоснабжения 285 домовладений и двух котельных социальных объектов. Для обеспечения газоснабжения потребителей установлено пять пунктов редуцирования газа. В мероприятии, посвященном вводу газопровода и подключению потребителей, приняли участие губернатор Ульяновской области Алексей Русских, генеральный директор ООО  ""Газпром межрегионгаз Ульяновск"" и ООО  ""Газпром газораспределение Ульяновск"" Владимир Камеко, глава администрации муниципального образования  ""Майнский район"" Олег Шуенков, и. о. главы администрации муниципального образования  ""Цильнинский район"" Ирина Фролова.  ""В Чирикеево, Чуфарово, Тимофеевке к сетевому газу уже подключены 38 домовладений. Работы по подключению продолжаются"", — отметил Владимир Камеко. Справка ООО  ""Газпром газораспределение Ульяновск"" входит в группу  "" Газпром межрегионгаз "". Компания осуществляет транспортировку природного газа по газораспределительным сетям, строительство и эксплуатацию газопроводов, подключение объектов к системе газоснабжения и техническое обслуживание газового оборудования.","Новости- Отрасли ТЭК  "" Газпром газораспределение Ульяновск"" запустил межпоселковый газопровод протяженностью 33,5 км 11.03.24 07:22 Объект построен в рамках программы развития газоснабжения и газификации региона на 2021–2025 гг. На сегодня в селах Чуфарово, Чирикеево и в деревне Тимофеевка проложены внутрипоселковые сети общей протяженностью 18,8 км, которые создали техническую возможность подключения к системе газоснабжения 285 домовладений и двух котельных социальных объектов. Компания осуществляет транспортировку природного газа по газораспределительным сетям, строительство и эксплуатацию газопроводов, подключение объектов к системе газоснабжения и техническое обслуживание газового оборудования.","https://energyland.info/analitic-show-254232",48.146599
"Газпром",3/11/2024 12:00:00 AM,"Экс топ-менеджер ""дочки "" ""Газпрома "" получил срок за попытку мошенничества","Москва. 11 марта. INTERFAX.RU- Надымский городской суд приговорил заместителя генерального директора ООО ""Газпром добыча Надым "" к 1 году 9 месяцам колонии общего режима за попытку мошенничества в особо крупном размере. Апелляционная инстанция ужесточила приговор, сообщила пресс-служба прокуратуры Ямало-Ненецкого автономного округа. Суд установил, что ""в июне 2021 года подсудимый, используя свое служебное положение заместителя генерального директора по ремонту и капительному строительству ООО ""Газпром добыча Надым "", обманным путем убедил директора коммерческой организации "" в возможности негативно повлиять на работу, потребовав взамен поставку стройматериалов на общую сумму более 9 млн рублей "". Предприниматель обратился в правоохранительные органы. В декабре 2023 года суд признал замгендиректора виновным по ч.3 ст.30, ч.4 ст.159 УК(покушение на хищение чужого имущества путем обмана, совершенное лицом с использованием своего служебного положения, в особо крупном размере). Приговор суда обжаловали и прокурор, и сторона защиты, которая настаивала на оправдании осужденного. Суд апелляционной инстанции изменил приговор, назначив виновному наряду с основным наказанием дополнительное наказание в виде лишения права заниматься деятельностью, связанной с выполнением организационно-распорядительных и административно-хозяйственных функций в коммерческих организациях, сроком на три года. Судя по данным картотеки судебных дел Надымского городского суда, речь идет о Вячеславе Киме. Как сказано на сайте "" Газпром добыча Надым "", Ким занимал должность заместителя гендиректора по ремонту и капитальному строительству компании с октября 2015 года. ООО ""Газпром добыча Надым ""- 100-процентное дочернее общество ПАО ""Газпром "". Основные направления деятельности: добыча, подготовка газа и газового конденсата. Это первое газодобывающее предприятие на севере Западной Сибири. Создано для разработки и эксплуатации Медвежьего нефтегазоконденсатного месторождения. Также ведет добычу на Юбилейном, Ямсовейском и Бованенковском месторождениях. Компания владеет лицензией на разработку Харасавэйского газоконденсатного месторождения, где идут работы по обустройству, и Крузенштернского газоконденсатного месторождения.","INTERFAX.RU- Надымский городской суд приговорил заместителя генерального директора ООО ""Газпром добыча Надым "" к 1 году 9 месяцам колонии общего режима за попытку мошенничества в особо крупном размере. Суд установил, что ""в июне 2021 года подсудимый, используя свое служебное положение заместителя генерального директора по ремонту и капительному строительству ООО ""Газпром добыча Надым "", обманным путем убедил директора коммерческой организации "" в возможности негативно повлиять на работу, потребовав взамен поставку стройматериалов на общую сумму более 9 млн рублей "".","https://m.interfax.ru/949758",100
"Нестле Россия",3/11/2024 12:00:00 AM,"ФАС уговорила:  ""Марс"" и  ""Нестле"" готовы снизить цены на корм для кошек и собак","Крупнейшие производители кормов для домашних животных готовы снизить цены на свою продукцию в России. Об этом сообщает Федеральная антимонопольная служба(ФАС). В связи с жалобами на высокие цены на корма для кошек и собак ФАС России провела анализ состояния конкуренции на этом рынке. Лидерами в этом сегмента являются группа компаний  "" Марс "" и ООО  ""Нестле Россия"". В прошлом году они занимали 73,1% от общего объема продаж на российском рынке, что дает основание для признания их коллективно доминирующими.  "" ООО „Марс“ и ООО „Нестле Россия“ высказали готовность взять на себя добровольные обязательства по предоставлению торговым сетям-партнерам промо-скидки до 30% на определенный ассортимент кормов для кошек и собак. ООО „Нестле Россия“ приняла решение о снижении цен на корма бренда „Дарлинг“, который является наиболее доступным для потребителей"", — говорится в телеграм-канале ведомства. В ФАС предупредили, что продолжат отслеживать ценовую ситуацию на данном рынке и в случае выявления необоснованного повышения цен примут соответствующие меры."," "" ООО „Марс“ и ООО „Нестле Россия“ высказали готовность взять на себя добровольные обязательства по предоставлению торговым сетям-партнерам промо-скидки до 30% на определенный ассортимент кормов для кошек и собак. ООО „Нестле Россия“ приняла решение о снижении цен на корма бренда „Дарлинг“, который является наиболее доступным для потребителей"", — говорится в телеграм-канале ведомства.","https://eadaily.com/ru/news/2024/03/11/fas-ugovorila-mars-i-nestle-gotovy-snizit-ceny-na-korm-dlya-koshek-i-sobak",36.363076
"Газпром",3/11/2024 12:00:00 AM,"КРДВ обеспечила подачу природного газа на домостроительный комбинат резидента ТОР  ""Приморье""","11 марта 2024 18:14 Группа компаний  "" DNS Девелопмент"" инвестировала в строительство Домостроительного комбината  ""Приморье "" более 3 млрд рублей, создано свыше 500 рабочих мест. Газификация позволит на 30% снизить затраты на отопление и нарастить производство домокомплектов для возведения жилья в регионе В рамках договора о технологическом присоединении к сети газораспределения, заключенного между Корпорацией развития Дальнего Востока и Арктики(КРДВ) и АО  ""Газпром газораспределение Дальний Восток"", к газоснабжению подключен Домостроительный комбинат  ""Приморье""(входит в группу компаний  "" DNS Девелопмент ""). Предприятие создано и развивается на территории опережающего развития(ТОР)  ""Приморье"", является самым современным и высокотехнологичным заводом по производству железобетонных изделий на Дальнем Востоке. Домостроительный комбинат  "" Приморье "" производит домокомплекты для строительства многоквартирных домов и для типового частного домостроения, навесные трехслойные панели с готовым фасадом для монолитного домостроения, а также отдельные виды железобетонных изделий. Продукция применяется на ведущих стройках Дальнего Востока, ее используют в том числе резиденты Свободного порта и ТОР  ""Приморье "". В частности, из домокомплектов возводятся ЖК  "" Формат "" и  "" DNS Сити ""(проекты ГК  ""DNS Девелопмент"").  "" DNS Сити "" – первый проект, реализуемый в границах города-спутника и самый масштабный частный проект комплексного освоения территории в Приморье.  ""Наша группа компаний изначально выбрала для реализации своих проектов территорию опережающего развития. Преференции, который доступны благодаря резидентству, помогают качественно вести бизнес, строить и создавать объекты в срок. Один из видов преференций, доступных резидентам ТОР  ""Приморье "" – это инфраструктура, которую обеспечивает предприятиям КРДВ. Корпорация провела масштабную организационную работу по обеспечению газом всей ТОР, в том числе и нашего завода ДСК  ""Приморье"", – отметил генеральный директор ГК  ""DNS Девелопмент"" Андрей Артамонов. – Теперь, когда мы сможем отапливать производственные цеха и административные здания комбината с помощью газа, а не за счет электричества, экономия на платежах ресурсоснабжающим организациям составит минимум 30%. Сэкономленные средства сможем направить на увеличение мощности завода, увеличение объема производимой продукции"". Как отметила директор департамента эксплуатации КРДВ Анна Бурдинская, одной из ключевых преференций для резидентов ТОР является инфраструктурное обеспечение. Подключение к газу, воде, электроэнергии, обеспечение водоотведения и строительство дорог позволяют бизнесу значительно сократить затраты на запуск новых предприятий, не тратить время на самостоятельное строительство инженерных и транспортных сетей. Для действующих проектов плановое поэтапное подключение к ресурсам означает дополнительное снижение финансовых и временных затрат и возможности для увеличения мощности производств.  "" КРДВ за счет полученных из федерального бюджета средств совместно с региональными властями и ресурсоснабжающими организациями обеспечивает резидентов всей необходимой инфраструктурой: проектирует и строит новые объекты, выполняет эксплуатацию уже введенных в строй подстанций, сетей, распределительных станций, а также административно-производственных зданий. Обеспеченные инфраструктурой площадки ТОР показали свою эффективность и пользуются высоким спросом у инвесторов. Например, на площадке  ""Надеждинская"" ТОР  "" Приморье "" проекты реализуют 117 резидентов, 21 предприятие уже введено в работу. При этом резиденты уже вложили в экономику региона 24,6 млрд рублей, создали 2,3 тыс. рабочих мест"",- сказала она.  ""Возможность использования сетевого газа привлекает инвесторов при выборе локации для размещения бизнеса. Компании получают возможность снизить затраты на изготовление продукции, что помогает нарастить производственные мощности и увеличить объем реализуемой продукции"", – подчеркнул заместитель генерального директора по реализации газа ООО  ""Газпром межрегионгаз Дальний Восток"" Сергей Харченко. По информации КРДВ, к газоснабжению на ТОР  ""Приморье"" подключены резиденты ООО  ""Газпром гелий сервис"", ООО  ""Русский минтай"", ООО  ""Усадьба Татищева"", ООО  ""ДСК Приморье"", ООО  ""Аврора СПГ Владивосток"", ООО  ""ТПК ФДВ"", ООО  ""Велес-Снек"". Пресс-релиз подготовлен на основании материала, предоставленного организацией. Информационное агентство AK&M не несет ответственности за содержание пресс-релиза, правовые и иные последствия его опубликования.","Компании получают возможность снизить затраты на изготовление продукции, что помогает нарастить производственные мощности и увеличить объем реализуемой продукции"", – подчеркнул заместитель генерального директора по реализации газа ООО  ""Газпром межрегионгаз Дальний Восток"" Сергей Харченко. По информации КРДВ, к газоснабжению на ТОР  ""Приморье"" подключены резиденты ООО  ""Газпром гелий сервис"", ООО  ""Русский минтай"", ООО  ""Усадьба Татищева"", ООО  ""ДСК Приморье"", ООО  ""Аврора СПГ Владивосток"", ООО  ""ТПК ФДВ"", ООО  ""Велес-Снек"".","https://akm.ru/press/krdv_obespechila_podachu_prirodnogo_gaza_na_domostroitelnyy_kombinat_rezidenta_tor_primore/",63.073919
"Нестле Россия",3/11/2024 12:00:00 AM,"ООО  ""Марс"" и ООО  ""Нестле Россия"" снизят цены на корма для кошек и собак – Новости ритейла и розничной торговли| Retail.ru","Сразу два крупнейших производителя кормов для кошек и собак сообщили о готовности снизить цену на свою продукцию после того, как их деятельностью заинтересовалась Федеральная антимонопольная служба(ФАС) России. В связи с поступлением в ведомство жалоб граждан на цены на корма для кошек и собак ФАС России провела анализ состояния конкуренции на этом рынке. Javier Brosch/ Shutterstock Лидерами по производству и реализации кормов для животных в РФ являются группа компаний  "" Марс "" и ООО  ""Нестле Россия"". В 2023 году их доля на рынке составила 73,1% от общего объема реализации кормов для кошек и собак. Это дает основание для признания их коллективно доминирующими на российском рынке. В результате взаимодействия с ведомством ООО  ""Марс"" и ООО  ""Нестле Россия"" высказали готовность взять на себя добровольные обязательства по предоставлению торговым сетям-партнерам промо-скидки до 30% на определенный ассортимент кормов для кошек и собак. Также ООО  ""Нестле Россия"" приняла решение о снижении цен на корма бренда  ""Дарлинг"", который является наиболее доступным для потребителей. ФАС сообщила о возросшей доле Wildberries и Ozon на рынке маркетплейсов Компания Viola подала в суд на ФАС из-за йогуртов  "" Фермерское подворье""","Сразу два крупнейших производителя кормов для кошек и собак сообщили о готовности снизить цену на свою продукцию после того, как их деятельностью заинтересовалась Федеральная антимонопольная служба(ФАС) России. В результате взаимодействия с ведомством ООО  ""Марс"" и ООО  ""Нестле Россия"" высказали готовность взять на себя добровольные обязательства по предоставлению торговым сетям-партнерам промо-скидки до 30% на определенный ассортимент кормов для кошек и собак.","https://retail.ru/news/ooo-mars-i-ooo-nestle-rossiya-snizyat-tseny-na-korma-dlya-koshek-i-sobak-11-marta-2024-238485/",22.234115
"Газпром",3/11/2024 12:00:00 AM,"ФНС намерена подать иск о банкротстве польской PGNiG"," ""Инспекцией Федеральной налоговой службы № 36 по городу Москве принято решение об обращении в Арбитражный суд города Москвы с заявлением о банкротстве АО “Польская нефтяная и газовая промышленность” "", — говорится в карточке  "" Федресурса "". В информации о должнике указаны идентификаторы, которые, по данным из открытых источников, относятся к PGNiG, то есть к иностранному юрлицу, отмечает  "" Интерфакс "".В апреле 2022 года власти Польши отказались платить за российский газ в рублях, после чего  "" Газпром "" остановил поставки газа PGNiG. Затем правительство России ввело контрсанкции против компании Europol Gaz(совместное предприятие  "" Газпрома "" и PGNiG). В мае 2022 года  "" Газпром "" объявил, что больше не будет использовать польский участок газопровода Ямал—Европа. В октябре 2023 года польские власти передали участок газопровода под управление нефтяного концерна Orlen. Утверждалось, что Europol Gaz, контролирующая газопровод, выкупит принадлежащие  "" Газпрому "" 48% акций.Подробнее о разбирательствах российских и польских компаний — в материале  "" Ъ ""  ""'' Газпром'' ищет защиты от Europol Gaz в РФ""."," ""Инспекцией Федеральной налоговой службы № 36 по городу Москве принято решение об обращении в Арбитражный суд города Москвы с заявлением о банкротстве АО “Польская нефтяная и газовая промышленность” "", — говорится в карточке  "" Федресурса "". В мае 2022 года  "" Газпром "" объявил, что больше не будет использовать польский участок газопровода Ямал—Европа.","https://news.mail.ru/economics/60161104/",68.848395
"Газпром",3/11/2024 12:00:00 AM,"ТГК-1 не будет раскрывать финансовые результаты по МСФО за 2023 год","11 марта 2024 ТГК-1(входит в "" Газпром энергохолдинг "") не будет публиковать финансовые результаты по международным стандартам финансовой отчетности(МСФО) за 2023 год, говорится в сообщении на сайте компании. В нем уточняется, что часть информации не раскрывается и не предоставляется в соответствии с постановлением правительства РФ от 04.07.2023 N 1102, постановлением правительства РФ от 12.03.2022 N 351, а также указом президента РФ от 27.11.2023 N 903(в редакции от 05.03.2024).Ранее президент РФ Владимир Путин расширил перечень компаний, которые могут не полностью раскрывать корпоративную информацию. В него вошли, в частности, "" Газпром "" с дочерними структурами, в том числе- "" Газпром энергохолдинг "". Та...","11 марта 2024 ТГК-1(входит в "" Газпром энергохолдинг "") не будет публиковать финансовые результаты по международным стандартам финансовой отчетности(МСФО) за 2023 год, говорится в сообщении на сайте компании. В нем уточняется, что часть информации не раскрывается и не предоставляется в соответствии с постановлением правительства РФ от 04.07.2023 N 1102, постановлением правительства РФ от 12.03.2022 N 351, а также указом президента РФ от 27.11.2023 N 903(в редакции от 05.03.2024).Ранее президент РФ Владимир Путин расширил перечень компаний, которые могут не полностью раскрывать корпоративную информацию.","https://cbonds.ru/news/2763227/",85.266546
"Нестле Россия",3/11/2024 12:00:00 AM,"ФАС: Крупнейшие производители продуктов питания для собак и собак в России снизят цены","11 марта 2024 14:14 Крупнейшие производители кормов для животных, ООО  ""Марс"" и ООО  ""Нестле Россия"", готовы добровольно снизить цены. Об этом говорится в сообщении Федеральной антимонопольной службы. Федеральная антимонопольная служба провела анализ состояния конкуренции на этом рынке в связи с получением отделом жалоб граждан о ценах на кошачий и собачий корм. Лидерами по производству и продаже такой продукции являются компании Mars Group и ООО  ""Нестле Россия"". В 2023 году их доля на рынке составила 73,1% от общего объема продаж кормов для кошек и собак. В результате взаимодействия с Федеральной антимонопольной службой  ""Марс"" и ООО  ""Нестле Россия"" выразили готовность взять на себя добровольные обязательства по предоставлению партнерским розничным сетям рекламных скидок до 30% на определенный ассортимент кормов для кошек и собак.","11 марта 2024 14:14 Крупнейшие производители кормов для животных, ООО  ""Марс"" и ООО  ""Нестле Россия"", готовы добровольно снизить цены. В результате взаимодействия с Федеральной антимонопольной службой  ""Марс"" и ООО  ""Нестле Россия"" выразили готовность взять на себя добровольные обязательства по предоставлению партнерским розничным сетям рекламных скидок до 30% на определенный ассортимент кормов для кошек и собак.","https://akm.ru/eng/news/fas-russia-s-largest-producers-of-dog-food-and-dogs-will-reduce-prices/",80.034832
"Газпром",3/11/2024 12:00:00 AM,"Глава департамента информполитики ""Газпрома "" Куприянов повышен до зампреда","Москва. 11 марта. INTERFAX.RU- Начальник департамента информационной политики(106) "" Газпрома "" Сергей Куприянов повышен до зампреда. ""В руководстве ПАО ""Газпром "" и дочерних обществ состоялись кадровые изменения. Заместителем председателя правления- начальником департамента 106 ПАО ""Газпром "" назначен Сергей Куприянов. Соответствующие решения о прекращении и наделении полномочиями в качестве членов правления ПАО ""Газпром "" будут приняты советом директоров компании "",- сообщила компания. Куприянов родился в 1974 году в Вязьме Смоленской области. Окончил Московский физико-технический институт, где на базе Института системного анализа РАН специализировался в области моделирования экономических процессов. Работал в консультационном агентстве "" Соболев "", издательском доме "" РЦБ "". Куприянов работает в структуре "" Газпрома "" с 2003 года, предыдущая должность- пресс-секретарь председателя правления- заместитель начальника департамента 106.","Заместителем председателя правления- начальником департамента 106 ПАО ""Газпром "" назначен Сергей Куприянов. Куприянов работает в структуре "" Газпрома "" с 2003 года, предыдущая должность- пресс-секретарь председателя правления- заместитель начальника департамента 106.","https://m.interfax.ru/949835",35.136768
"МТС",3/11/2024 12:00:00 AM,"Чистая прибыль МТС Банка в 2023 году выросла почти в четыре раза по МСФО","11 марта 2024 17:25 Чистая прибыль Банка МТС по МСФО в 2023 году по МСФО выросла в 3,8 раза до 12,5 млрд рублей. Об этом говорится в сообщении банка. Кредитный портфель Банка МТС перед выводом резервов вырос на 39,7% до 389,6 млрд рублей с начала года. Розничный кредитный портфель банка, составляющий 87% кредитного портфеля банка, вырос с начала года на 33% до 339,1 млрд рублей. Операционная прибыль банка до создания резервов увеличилась в 1,5 раза за 12 месяцев 2023 года до 64,5 млрд рублей. Операционные расходы банка в отчетном периоде составили 20,1 млрд руб. Соотношение операционных расходов к доходам составил 31,2% в 2023 году по сравнению с 35,0% годом ранее. Капитал банка увеличился на 18,6% за год до 76,3 млрд руб. Чистая процентная доходность банка в 2023 году увеличилась на 46% до 35,9 млрд руб. Чистая пошлина и комиссионные доходы составили 21,4 млрд руб., увеличение на 59% по сравнению с предыдущим годом. Средства физических лиц составили 199 млрд руб., показывая увеличение в 1,4 раза в 2023 году. Общая сумма средств клиентов увеличилась на 29% до 332 млрд руб., 81% средств. ПАО МТС-Банк(ПАО МТС-Банк) является универсальным коммерческим банком, одним из 50 ведущих российских банков. Сеть сервисных офисов МТС Банка охватывает более 50 городов в 30 крупнейших регионах России. Главным акционером является частная компания с ограниченной ответственностью  "" Мобильные ТелеСистемы Б.В. "" – дочерняя компания ПАО  ""Мобильные ТелеСистемы""","11 марта 2024 17:25 Чистая прибыль Банка МТС по МСФО в 2023 году по МСФО выросла в 3,8 раза до 12,5 млрд рублей. ПАО МТС-Банк(ПАО МТС-Банк) является универсальным коммерческим банком, одним из 50 ведущих российских банков.","https://akm.ru/eng/news/mts-bank-s-net-profit-in-2023-increased-almost-fourfold-according-to-ifrs/",100
"МТС",3/11/2024 12:00:00 AM,"Чистая прибыль МТС банка в 2023 году по МСФО выросла почти в четыре раза","11 марта 2024 16:55 Чистая прибыль МТС Банка в 2023 году по МСФО выросла в 3.8 раза до 12.5 млрд руб. Об этом говорится в сообщении банка. Кредитный портфель МТС Банка до вычета резервов с начала года вырос на 39.7% до 389.6 млрд руб. Розничный кредитный портфель, составляющий 87% портфеля кредитов банка, вырос на 33% до 339.1 млрд руб. Операционные доходы до создания резервов за 12 месяцев 2023 года выросли в 1.5 раза до 64.5 млрд руб. Операционные расходы банка составили 20.1 млрд руб. Отношение операционных расходов к доходам в 2023 году составило 31.2% по сравнению с 35% годом ранее. Капитал банка за 2023 год вырос на 18.6% до 76.3 млрд руб. Чистые процентные доходы банка в 2023 году выросли на 46% до 35.9 млрд руб. Чистые комиссионные доходы составили 21.4 млрд руб., увеличившись на 59% по сравнению с предыдущим годом. Средства физических лиц составили 199 млрд руб., показав рост в 1.4 раза за 2023 год. Общий объём средств клиентов увеличился на 29% до 332 млрд руб. ПАО  ""МТС Банк""( ПАО  ""МТС-Банк"") – универсальный коммерческий банк, входящий в число 50 ведущих российских банков. Сеть офисов обслуживания МТС Банка охватывает более 50 городов в 30 наиболее крупных регионах России. Основным акционером является Частная компания с ограниченной ответственностью  "" Мобайл ТелеСистемс Б.В."" – дочерняя компания ПАО  ""Мобильные ТелеСистемы"".","11 марта 2024 16:55 Чистая прибыль МТС Банка в 2023 году по МСФО выросла в 3.8 раза до 12.5 млрд руб. Об этом говорится в сообщении банка. Капитал банка за 2023 год вырос на 18.6% до 76.3 млрд руб. Чистые процентные доходы банка в 2023 году выросли на 46% до 35.9 млрд руб. Чистые комиссионные доходы составили 21.4 млрд руб., увеличившись на 59% по сравнению с предыдущим годом.","https://akm.ru/news/chistaya_pribyl_mts_bank_v_2023_po_msfo_vyrosla_pochti_v_chetyre_raza/",100
"Газпром",3/11/2024 12:00:00 AM,"Назначены два новых заместителя председателя правления ""Газпрома ""","11 марта 2024 В руководстве "" Газпрома "" и его и дочерних обществ состоялся ряд кадровых изменений, в том числе назначение двух новых заместителей председателя правления холдинга. ""Заместителем председателя правления- начальником департамента 105 ПАО ""Газпром "" назначена Елена Илюхина. Елена Михайлова, ранее занимавшая должность начальника департамента 105, возглавит проект развития территории ""Горская ""- создания всесезонного морского города-курорта, туристического хаба- спутника Санкт-Петербурга. Заместителем председателя правления- начальником департамента 106 ПАО ""Газпром "" назначен Сергей Куприянов "",- говорится в сообщении ""Газпрома. Соответствующие решения о прекращении и наделении полномочиями в ка...","11 марта 2024 В руководстве "" Газпрома "" и его и дочерних обществ состоялся ряд кадровых изменений, в том числе назначение двух новых заместителей председателя правления холдинга. ""Заместителем председателя правления- начальником департамента 105 ПАО ""Газпром "" назначена Елена Илюхина. Заместителем председателя правления- начальником департамента 106 ПАО ""Газпром "" назначен Сергей Куприянов "",- говорится в сообщении ""Газпрома.","https://cbonds.ru/news/2763777/",21.430748
"А101",3/11/2024 12:00:00 AM,"В РФ предложили запустить молодежную ипотеку","Группа компаний "" А101 "" предложила запустить в России льготную ипотеку для молодежи. Об этом сообщает газета "" Известия "". По информации застройщика, льгота должна выдаваться молодым людям под 3% годовых сроком до 50 лет, а первоначальный взнос должен составлять 15%. В Москве льготный кредит оформлялся бы в пределах 15 миллионов рублей, а в других регионах его сумма бы ограничивалась 9–12 миллионами, добавили там. Кроме того, ГК считает необходимым выдавать молодым специалистам государственный сертификат на оплату части первоначального взноса при условии вступления в брак до 30 лет. В таком случае, по данным девелопера, государство бы выдавало гражданам до 500 тысяч рублей. В компании считают, что нововведение стимулировало бы молодежь раньше вступать в законный брак, а рождение детей предполагает уже действующая программа "" Молодая семья "". Застройщик уверен, что риск заключения фиктивных браков можно нивелировать, если детально проработать механизм. В целом же инициатива должна устроить и молодых людей, и банки, заявили в ГК. По данным девелопера, почти 95% ипотечников оформили ссуду на льготных условиях в прошлом году. При этом чаще всего предложениями "" А101 "" интересуются граждане старше 35 лет с доходом выше среднего, а доля молодежи среди клиентов компании не дотягивает до 10%. По мнению застройщика, существующие государственные программы не позволяют молодым людям сэкономить на покупке жилья. Так, если приобрести квартиру стоимостью 12 миллионов рублей, то молодежная ипотека снизила бы ежемесячные выплаты с 70 до 30 тысяч рублей, заверили в компании. Ранее сообщалось, что рабочая группа при Минпросвещения РФ рассматривает возможность введения в РФ льготной ипотеки для учителей. Также первый зампред комиссии ГД по просвещению Яна Лантратова предложила ввести льготную ипотеку для молодых преподавателей до 30 лет, проработавших в школе не меньше года с нагрузкой на полную ставку. А по достижению стажа в 25 лет, считает она, государство могло бы погасить остаток их долга по ипотеке, но не свыше 15% от изначальной суммы займа.","Группа компаний "" А101 "" предложила запустить в России льготную ипотеку для молодежи. Также первый зампред комиссии ГД по просвещению Яна Лантратова предложила ввести льготную ипотеку для молодых преподавателей до 30 лет, проработавших в школе не меньше года с нагрузкой на полную ставку.","https://www.m24.ru/news/ehkonomika/11032024/673060",0
"Лукойл",3/11/2024 12:00:00 AM,"Болгария посчитала  ""Лукойлу"" все: София требует отдать скидку на российскую нефть","На антироссийской волне болгарские власти хотят выжать из  "" Лукойла "" по максимуму. Они ввели дополнительный налог на переработку российской нефти и требуют от болгарского предприятия  "" Лукойла "" отдать всю сумму за декабрь-февраль, пока поступало сырье из России. Эти деньги София обещает социально уязвимым семьям. Закон о возмещении потребителям транспортных расходов появился в Болгарии еще в конце 2022 года. Он предусматривает взимание взноса за переработку российской нефти в 70% разницы между ценами на эталонный североморский сорт Brent и российский Urals. С января по ноябрь 2023 года его сумма оценили в 660 млн левов(336 млн евро), однако требовать деньги болгарские власти начали только с декабря 2023 года — когда София решила отказаться от российской нефти, которая поставляется в страну по исключению ЕС, в ускоренном темпе. Как сообщил economic.bg председатель Фонда безопасности электроэнергетической системы Диян Червенкондев, за декабрь  "" Лукойл Нефтохим Бургас "" заплатил 25 млн левов(12,75 млн евро) из 70 млн левов(35,7 млн евро), а в январе — 15,7 млн левов из 27,5 млн. По словам главы Фонда, в середине февраля компанию уведомили о том, что у нее есть 14 дней на выплату причитающейся суммы, но она не выполнила предписание. Ранее, в январе, болгарское предприятие  "" Лукойла "" ходатайствовало о приостановлении приказа Минэкономики страны о выплате оставшейся суммы за декабрь, так как, по мнению компании, она рассчиталась сполна и дополнительные выплаты нанесут ей трудно восполняемый ущерб. Однако Высший административный суд Болгарии отказал. Суммы, которые болгарские власти собираются получить с  "" Лукойла "", обещают направить на выплаты пособий социально уязвимым семьям с детьми — до 300 левов на каждого ребенка. Как сообщало EADaily, ЕС сделал для Болгарии исключение и разрешил импорт российской нефти до конца 2024 года. Однако в конце прошлого года Народное собрание Болгарии внесло изменения в законодательство и запретило поставки с 1 марта 2024 года. Такой антироссийский ход законодателей стал очередным неприятным подарком собственнику НПЗ — российскому  "" Лукойлу "". В компании заявили, что пересмотрят стратегию по болгарским активам, включая их продажу. В  "" Лукойле "" сообщали, что в крупнейший в стране НПЗ мощностью около 10 млн тонн в год компания активно инвестирует более 20 лет и сумма вложений превысила$ 3,4 млрд. Кроме того, у  "" Лукойла "" есть в Болгарии также сеть из 220 АЗС и 9 нефтебаз, а также предприятия по судовой и авиационной бункеровке. Как сообщал телеканал Nova TV, последствия антироссийской политики болгарских властей уже есть и ударили они по ним самим. Глава государственного авиаоператора Болгарии Златко Златев писал министру транспорта о том, что запрет на российскую нефть с 1 марта может остановить полеты правительственных самолетов, так как купить топливо у  "" Лукойл Нефтохим Бургас "" с марта нельзя и закончился контракт, а альтернативные варианты стоят в три раза дороже.","На антироссийской волне болгарские власти хотят выжать из  "" Лукойла "" по максимуму. В  "" Лукойле "" сообщали, что в крупнейший в стране НПЗ мощностью около 10 млн тонн в год компания активно инвестирует более 20 лет и сумма вложений превысила$ 3,4 млрд. Кроме того, у  "" Лукойла "" есть в Болгарии также сеть из 220 АЗС и 9 нефтебаз, а также предприятия по судовой и авиационной бункеровке.","https://eadaily.com/ru/news/2024/03/11/bolgariya-poschitala-lukoylu-vse-sofiya-trebuet-otdat-skidku-na-rossiyskuyu-neft",100
"Газпром",3/11/2024 12:00:00 AM," ""Газпром "" разместил локальные облигации на 50,5 млн евро в рамках второго раунда замещения евробондов-2025","Москва. 11 марта. INTERFAX.RU- "" Газпром капитал "" разместил локальные облигации на 50,5 млн евро в рамках обмена остатка еврооблигаций "" Газпрома "" с погашением в апреле 2025 года, следует из раскрытия компании. Максимальный объем доразмещения мог составить 330 млн евро, что соответствовало объему находящихся в обращении евробондов "" Газпрома ""-2025 после того, как компания провела первый раунд их замещения в начале прошлого года. Ставка купона по этому выпуску составляет 2,95%, ближайшая дата выплаты купона – 15 апреля. Изначально в обращении находились еврооблигации на 1 млрд евро, за первый раунд компания заместила локальными бондами 67% выпуска. Доля фактически размещенных облигаций от общего количества ценных бумаг дополнительного выпуска составила 15,31%, от общего количества бумаг всего выпуска – 5,05%. Новость дополняется","INTERFAX.RU- "" Газпром капитал "" разместил локальные облигации на 50,5 млн евро в рамках обмена остатка еврооблигаций "" Газпрома "" с погашением в апреле 2025 года, следует из раскрытия компании. Доля фактически размещенных облигаций от общего количества ценных бумаг дополнительного выпуска составила 15,31%, от общего количества бумаг всего выпуска – 5,05%.","https://m.interfax.ru/949765",38.05567
"Газпром",3/11/2024 12:00:00 AM,"В кабмине Армении предположили неизменность цены на российский газ до 2031 года","Есть основания ожидать, что цена на газ для Армении до 2031 года останется неизменной. Об этом заявил сегодня, 11 марта, на заседании парламентской комиссии по региональным вопросам и евразийской интеграции замминистра территориального управления и инфраструктур республики Акоп Варданян. Он напомнил о том, что в 2021 году между Россией и Арменией было подписано дополнение к газовому договору 2013 года, касающееся основ ценообразования на природный газ. Согласно документу, цена на голубое топливо для республики не должна меняться до конца 2031 года. Замминистра также указал на наличие специфических механизмов корректировки стоимости, зависящих от теплотворной способности газа, что предусматривает возможные надбавки или скидки в случае отклонения от установленных норм по килокалориям. Варданян отметил, что последнее повышение цены на газ для Армении произошло 1 января 2019 года — с$ 150 до$ 165 за тысячу кубометров на границе(цена газа для конечного потребителя в Армении существенно выше. — Ред.).  ""Естественно, если мировая рыночная цена газа достигнет$ 3 тыс., сохранить в Армении текущий уровень цены в$ 165 за тысячу кубометров будет сложно. Однако, если вы помните, в определëнный период в 2022 году цена на газ на бирже приближалась к этой отметке, однако это никак не сказалось на ценах для Армении"", — отметил высокопоставленный чиновник. Замминистра добавил, что Ереван должен приложить все усилия, чтобы на общем рынке газа цена для него оставалась прежней или даже снизилась. В настоящее время Армения получает газ только из России и Ирана, в последнем случае — по бартерной схеме(голубое топливо в обмен на электроэнергию). В декабре 2021 года оптовая цена на российский газ для Армении была на 10 лет подтверждена в$ 165 за тысячу кубометров(дешевле Россия поставляет газ только Белоруссии и Киргизии). Эти изменения были внесены в соглашение от декабря 2013 года(окончательные тарифы для населения и бизнеса складываются из этой цены и наценок за поставку газа внутри Армении). Взамен этого республика обязалась ежегодно выплачивать  "" Газпрому "" определëнную сумму($ 31,79 млн в год) на содержание принадлежащей российской газовой корпорации ТЭС  ""Раздан-5 ""(станция будет гарантированно получать эти деньги, даже если еë не будут эксплуатировать). Стоимость природного газа, импортируемого из России в Армению, в 2024 году не изменится, соответственно, не изменится и тариф для местных потребителей, сообщил 15 декабря вице-премьер республики Мгер Григорян. Напомним, ЗАО  ""Газпром Армения"", стопроцентная дочка ПАО  ""Газпром"", осуществляет транспортировку, хранение, распределение и реализацию газа, реконструкцию и расширение газотранспортной системы и мощностей по подземному хранению на территории республики.","Стоимость природного газа, импортируемого из России в Армению, в 2024 году не изменится, соответственно, не изменится и тариф для местных потребителей, сообщил 15 декабря вице-премьер республики Мгер Григорян. Напомним, ЗАО  ""Газпром Армения"", стопроцентная дочка ПАО  ""Газпром"", осуществляет транспортировку, хранение, распределение и реализацию газа, реконструкцию и расширение газотранспортной системы и мощностей по подземному хранению на территории республики.","https://eadaily.com/ru/news/2024/03/11/v-kabmine-armenii-predpolozhili-neizmennost-ceny-na-rossiyskiy-gaz-do-2031-goda",0
"Газпром",3/10/2024 12:00:00 AM,"Поставки газа Газпромом в Европу через Украину составили 42 млн кубометров через Сузда","МОСКВА, 10 марта./ ТАСС/.  "" Газпром "" поставляет газ в Европу через Украину в объеме 42 млн куб. м в сутки через газоперекачивающую станцию Суджа в Курской области России, заявил журналистам представитель  "" Газпрома "".  "" Газпром "" поставляет российский газ для транзита через украинскую территорию в объеме, подтвержденном украинской стороной через Сузданскую газоперерабатывающую станцию в объеме 42 млн куб. м по состоянию на 10 марта, отклонен запрос на газоперекачивающую станцию Схорновка"",- сообщил журналистам представитель  "" Газпрома "". В субботу, 9 марта, перекачка составила 42,3 млн куб. м. Ранее на сайте Оператора газотранспортной системы Украины(ГТАУ) сообщалось, что транзит газа через украинскую территорию 10 марта может составить около 42 млн куб. м. Транзит через Украину остается единственным маршрутом для поставок российского газа в страны западной и центральной Европы."," "" Газпром "" поставляет газ в Европу через Украину в объеме 42 млн куб. м в сутки через газоперекачивающую станцию Суджа в Курской области России, заявил журналистам представитель  "" Газпрома "".  "" Газпром "" поставляет российский газ для транзита через украинскую территорию в объеме, подтвержденном украинской стороной через Сузданскую газоперерабатывающую станцию в объеме 42 млн куб. м по состоянию на 10 марта, отклонен запрос на газоперекачивающую станцию Схорновка"",- сообщил журналистам представитель  "" Газпрома "".","https://tass.com/economy/1757499",0
"Газпром",3/10/2024 12:00:00 AM," ""Газпром "" подает газ для Европы через украинскую ГИС ""Суджа ""","Фото из архива 10 марта, Минск/Корр. БЕЛТА/. По словам представителя "" Газпрома "", компания отправляет 42 млн куб.м газа в день для Европы через Украину, используя газоизмерительную станцию "" Суджа "", потому что заявка на прокачку через "" Сохрановку "" была отклонена украинской стороной. Об этом сообщает ТАСС. "" Газпром "" подтвердил объем транзита российского газа через Украину на 10 марта- 42 млн куб.м. Заявка на транзит через ГИС ""Сохрановка "" была отклонена. В прошлую субботу объем прокачки составил 42,3 млн куб.м. По данным "" Оператора ГТС Украины "", объем транзита газа через Украину 10 марта может быть около 42 млн куб.м. Единственный путь доставки российского газа в страны Западной и Центральной Европы проходит через Украину, в то время как проект по прокачке газа по ""Северному потоку "" приостановлен. Поставки газа через ""Турецкий поток "" и ""Голубой поток "" предназначены для Турции и стран Южной и Юго-Восточной Европы.С мая 2022 года объем поставок российского газа через Украину был сокращен в связи с прекращением транзита через станцию ""Сохрановка "" из-за форс-мажорных обстоятельств, связанных с невозможностью контроля украинской стороной компрессорной станции "" Новопсков "" в ЛНР. Российский газовый холдинг не признал причин для прекращения поставок в традиционном объеме. Осенью 2022 года "" Нафтогаз Украины "" подал жалобу в Международный арбитражный суд на "" Газпром "" за неоплату транспортировки газа через Украину. Глава "" Газпрома "" заявил, что этот арбитражный процесс бессмысленный и участие российской компании в нем нелегитимно. Россия может ввести санкции против "" Нафтогаза "" в случае продолжения недобросовестных действий, что приведет к разрыву отношений с украинской компанией.-0- Теги газ Газпром ЕС","По словам представителя "" Газпрома "", компания отправляет 42 млн куб.м газа в день для Европы через Украину, используя газоизмерительную станцию "" Суджа "", потому что заявка на прокачку через "" Сохрановку "" была отклонена украинской стороной. Россия может ввести санкции против "" Нафтогаза "" в случае продолжения недобросовестных действий, что приведет к разрыву отношений с украинской компанией.-0- Теги газ Газпром ЕС","http://www.belta.by/world/view/gazprom-podaet-gaz-dlja-evropy-cherez-ukrainskuju-gis-sudzha-620334-2024/",46.848837
"Газпром",3/10/2024 12:00:00 AM,"Газоснабжение стабильно после разгерметизации МГ в ХМАО","Газоснабжение стабильно после разгерметизации МГ в ХМАО 10 марта. Interfax-Russia.ru- Газоснабжение потребителей после разгерметизации газопровода в ХМАО стабильно, газотранспортная организация ведет ремонт магистрали. Как сообщили "" Интерфаксу "" в службе по связям с общественностью и СМИ ООО ""Газпром трансгаз Югорск "", 9 марта в 20:25 МСК в Ханты-Мансийском автономном округе в Белоярском районе на участке магистрального газопровода ""Уренгой-Центр-1 "" произошла разгерметизация газопровода с возгоранием. ""Пострадавших нет. Газоснабжение потребителей обеспечивается в полном объёме по параллельным газопроводам "",- сообщили в газотранспортной организации. В телеграм-канале правительства региона сообщается: ""Возгорание на участке газопровода в Белоярском районе вблизи поселка Лыхма, произошедшее в ночь на 10 марта, полностью ликвидировано. Угрозы жизнедеятельности населения и объектам экономики нет "". ""Это был прорыв газа, после чего произошло возгорание и сразу же потухание. Пострадавших не было. Возгорание произошло в безлюдном месте. Ущерба природе также не нанесено, поэтому не требовалось вмешательства пожарно-спасательных подразделений. После окончания горения на месте работают аварийно-восстановительные бригады газотранспортного предприятия "",- добавили в региональном управлении МЧС. Подразделения ООО ""Газпром трансгаз Югорск "" ведут ремонтно-восстановительные работы. ""Расследование причин произошедшего проводится в установленном порядке "",- добавили в дочерней компании "" Газпрома "".","Interfax-Russia.ru- Газоснабжение потребителей после разгерметизации газопровода в ХМАО стабильно, газотранспортная организация ведет ремонт магистрали. Как сообщили "" Интерфаксу "" в службе по связям с общественностью и СМИ ООО ""Газпром трансгаз Югорск "", 9 марта в 20:25 МСК в Ханты-Мансийском автономном округе в Белоярском районе на участке магистрального газопровода ""Уренгой-Центр-1 "" произошла разгерметизация газопровода с возгоранием.","https://www.interfax-russia.ru/ural/main/gazosnabzhenie-stabilno-posle-razgermetizacii-mg-v-hmao",0
"Газпром",3/10/2024 12:00:00 AM,"В компании ""Газпрома "" сообщили о стабильном газоснабжении после разгерметизации МГ в ХМАО","Москва. 10 марта. INTERFAX.RU- Газоснабжение потребителей после разгерметизации газопровода в ХМАО стабильно, газотранспортная организация ведет ремонт магистрали. Как сообщили "" Интерфаксу "" в службе по связям с общественностью и СМИ ООО ""Газпром трансгаз Югорск "", 9 марта в 20:25 по Москве в Ханты-Мансийском автономном округе в Белоярском районе на участке магистрального газопровода ""Уренгой-Центр-1 "" произошла разгерметизация газопровода с возгоранием. ""Пострадавших нет. Газоснабжение потребителей обеспечивается в полном объеме по параллельным газопроводам "",- сообщили в газотранспортной организации. Подразделения ООО ""Газпром трансгаз Югорск "" ведут ремонтно-восстановительные работы. Как добавили в дочерней компании "" Газпрома "", ""расследование причин произошедшего проводится в установленном порядке "".","INTERFAX.RU- Газоснабжение потребителей после разгерметизации газопровода в ХМАО стабильно, газотранспортная организация ведет ремонт магистрали. Как сообщили "" Интерфаксу "" в службе по связям с общественностью и СМИ ООО ""Газпром трансгаз Югорск "", 9 марта в 20:25 по Москве в Ханты-Мансийском автономном округе в Белоярском районе на участке магистрального газопровода ""Уренгой-Центр-1 "" произошла разгерметизация газопровода с возгоранием.","https://m.interfax.ru/949646",0
"Газпром",3/10/2024 12:00:00 AM,"Бизнес-миссия тюменцев в Республику Беларусь прошла успешно","Результативной стала бизнес-миссия делегации Тюменской области в Республику Беларусь для научно-производственного объединения  "" Базовое машиностроение "". Помимо налаживания связей с такими предприятиями, как концерн  "" Белнефтехим "", ГПО  ""Белэнерго"", ОАО  ""Белгазстрой"", ОАО  ""Беларуськалий"" появились перспективы сотрудничества с белорусскими станкостроителями. — Мы уже не первый год оказываем услуги нашим деловым партнерам по ремонту высокотехнологичного оборудования, в рамках программы импортозамещения, — говорит генеральный директор НПО  ""Базовое машиностроение"" Павел Гончаров. — Определили потребность в ремонте иностранных газотурбинных двигателей и поставке запчастей и комплектующих к ним. В этой поездке мы расширили круг потенциальных партнеров и презентовали технологический, научный, производственный потенциал нашей компании. В том числе предложили содействие в продвижении станков, которые изготавливаются в Беларуси. Установив их на тюменском заводе, мы становимся своеобразной выставочной и в то же время рабочей площадкой для всех заинтересованных в сотрудничестве. Мы открыты для всех проектов, которые касаются развития производства и популяризации рабочих профессий. В частности тюменский завод стал участником информационно-познавательной программы  ""Умникум"", созданной по инициативе ООО  ""Газпром трансгаз Югорск"". Участники этого проекта — юные журналисты рассказывают сверстникам об уникальных свойствах газа, его добыче и работе газотранспортной системы, о предприятиях, которые работают в нефтегазовой отрасли. — Наши специалисты рассказали ребятам о важнейшей профессии в газотурбостроении — токарь. Ну и показали их практически ювелирную работу на станках. Впечатлений было много и уверен, что они запомнятся надолго, — отметил Павел Гончаров. По информации департамента инвестиционной политики и государственной поддержки предпринимательства Тюменской области","Результативной стала бизнес-миссия делегации Тюменской области в Республику Беларусь для научно-производственного объединения  "" Базовое машиностроение "". В частности тюменский завод стал участником информационно-познавательной программы  ""Умникум"", созданной по инициативе ООО  ""Газпром трансгаз Югорск"".","https://tyumen-news.net/economy/2024/03/10/352744.html",0
